{"cameraMode":{"drawMode":0,"name":"Shaded","section":"Shading Mode"},"sceneLighting":true,"audioPlay":false,"sceneViewState":{"showFog":true,"showMaterialUpdate":true,"showSkybox":true,"showFlares":true,"showImageEffects":true,"showParticleSystems":true},"in2DMode":false,"pivot":{"x":7.2694411277771,"y":1.1129945516586304,"z":-8.389830589294434},"rotation":{"x":0.013804692775011063,"y":0.9834550023078919,"z":-0.08459243923425675,"w":0.16006974875926972},"size":11.976299285888672,"orthographic":false}