{"cameraMode":{"drawMode":0,"name":"Shaded","section":"Shading Mode"},"sceneLighting":true,"audioPlay":false,"sceneViewState":{"showFog":true,"showMaterialUpdate":true,"showSkybox":true,"showFlares":true,"showImageEffects":true,"showParticleSystems":true},"in2DMode":false,"pivot":{"x":9.622782707214356,"y":9.966136932373047,"z":-100.4435043334961},"rotation":{"x":-0.001043094089254737,"y":0.9990019202232361,"z":0.04016915336251259,"w":0.022459523752331735},"size":105.7831802368164,"orthographic":false}