{"cameraMode":{"drawMode":0,"name":"Shaded","section":"Shading Mode"},"sceneLighting":true,"audioPlay":false,"sceneViewState":{"showFog":true,"showMaterialUpdate":true,"showSkybox":true,"showFlares":true,"showImageEffects":true,"showParticleSystems":true},"in2DMode":false,"pivot":{"x":46.59220504760742,"y":-42.95476531982422,"z":-116.45648956298828},"rotation":{"x":0.02857573889195919,"y":0.9712552428245544,"z":-0.17406287789344788,"w":0.16023865342140199},"size":134.992919921875,"orthographic":false}