{"cameraMode":{"drawMode":0,"name":"Shaded","section":"Shading Mode"},"sceneLighting":true,"audioPlay":false,"sceneViewState":{"showFog":true,"showMaterialUpdate":true,"showSkybox":true,"showFlares":true,"showImageEffects":true,"showParticleSystems":true},"in2DMode":false,"pivot":{"x":-0.5916231870651245,"y":1.029685139656067,"z":-1.589078664779663},"rotation":{"x":0.22392460703849793,"y":0.23442648351192475,"z":-0.055591240525245669,"w":0.944404661655426},"size":4.528404712677002,"orthographic":false}